"filename", "language", "JavaScript", "YAML", "JSON", "Markdown", "SCSS", "HTML", "Vue.js", "XML", "comment", "blank", "total"
"/home/xbj/桌面/parallel-monitor/monitor_web/.eslintrc.js", "JavaScript", 195, 0, 0, 0, 0, 0, 0, 0, 2, 2, 199
"/home/xbj/桌面/parallel-monitor/monitor_web/.travis.yml", "YAML", 0, 5, 0, 0, 0, 0, 0, 0, 0, 1, 6
"/home/xbj/桌面/parallel-monitor/monitor_web/README.md", "Markdown", 0, 0, 0, 41, 0, 0, 0, 0, 0, 25, 66
"/home/xbj/桌面/parallel-monitor/monitor_web/babel.config.js", "JavaScript", 10, 0, 0, 0, 0, 0, 0, 0, 1, 1, 12
"/home/xbj/桌面/parallel-monitor/monitor_web/jest.config.js", "JavaScript", 22, 0, 0, 0, 0, 0, 0, 0, 2, 1, 25
"/home/xbj/桌面/parallel-monitor/monitor_web/package.json", "JSON", 0, 0, 143, 0, 0, 0, 0, 0, 0, 1, 144
"/home/xbj/桌面/parallel-monitor/monitor_web/plopfile.js", "JavaScript", 6, 0, 0, 0, 0, 0, 0, 0, 0, 2, 8
"/home/xbj/桌面/parallel-monitor/monitor_web/postcss.config.js", "JavaScript", 5, 0, 0, 0, 0, 0, 0, 0, 0, 1, 6
"/home/xbj/桌面/parallel-monitor/monitor_web/public/index.html", "HTML", 0, 0, 0, 0, 0, 14, 0, 0, 9, 2, 25
"/home/xbj/桌面/parallel-monitor/monitor_web/src/App.vue", "Vue.js", 0, 0, 0, 0, 0, 0, 372, 0, 36, 8, 416
"/home/xbj/桌面/parallel-monitor/monitor_web/src/api/alone/alone.js", "JavaScript", 23, 0, 0, 0, 0, 0, 0, 0, 0, 5, 28
"/home/xbj/桌面/parallel-monitor/monitor_web/src/api/cookie.js", "JavaScript", 20, 0, 0, 0, 0, 0, 0, 0, 1, 3, 24
"/home/xbj/桌面/parallel-monitor/monitor_web/src/api/data.js", "JavaScript", 15, 0, 0, 0, 0, 0, 0, 0, 1, 3, 19
"/home/xbj/桌面/parallel-monitor/monitor_web/src/api/generator/genConfig.js", "JavaScript", 14, 0, 0, 0, 0, 0, 0, 0, 0, 3, 17
"/home/xbj/桌面/parallel-monitor/monitor_web/src/api/generator/generator.js", "JavaScript", 28, 0, 0, 0, 0, 0, 0, 0, 0, 6, 34
"/home/xbj/桌面/parallel-monitor/monitor_web/src/api/login.js", "JavaScript", 31, 0, 0, 0, 0, 0, 0, 0, 0, 5, 36
"/home/xbj/桌面/parallel-monitor/monitor_web/src/api/mnt/app.js", "JavaScript", 23, 0, 0, 0, 0, 0, 0, 0, 0, 5, 28
"/home/xbj/桌面/parallel-monitor/monitor_web/src/api/mnt/connect.js", "JavaScript", 15, 0, 0, 0, 0, 0, 0, 0, 0, 3, 18
"/home/xbj/桌面/parallel-monitor/monitor_web/src/api/mnt/database.js", "JavaScript", 30, 0, 0, 0, 0, 0, 0, 0, 0, 6, 36
"/home/xbj/桌面/parallel-monitor/monitor_web/src/api/mnt/deploy.js", "JavaScript", 56, 0, 0, 0, 0, 0, 0, 0, 12, 10, 78
"/home/xbj/桌面/parallel-monitor/monitor_web/src/api/mnt/deployHistory.js", "JavaScript", 15, 0, 0, 0, 0, 0, 0, 0, 4, 3, 22
"/home/xbj/桌面/parallel-monitor/monitor_web/src/api/mnt/serverDeploy.js", "JavaScript", 23, 0, 0, 0, 0, 0, 0, 0, 0, 5, 28
"/home/xbj/桌面/parallel-monitor/monitor_web/src/api/monitor/log.js", "JavaScript", 19, 0, 0, 0, 0, 0, 0, 0, 0, 4, 23
"/home/xbj/桌面/parallel-monitor/monitor_web/src/api/monitor/online.js", "JavaScript", 8, 0, 0, 0, 0, 0, 0, 0, 0, 2, 10
"/home/xbj/桌面/parallel-monitor/monitor_web/src/api/pm/cluser.js", "JavaScript", 9, 0, 0, 0, 0, 0, 0, 0, 0, 3, 12
"/home/xbj/桌面/parallel-monitor/monitor_web/src/api/pm/common/pmNodeCommon.js", "JavaScript", 17, 0, 0, 0, 0, 0, 0, 0, 3, 3, 23
"/home/xbj/桌面/parallel-monitor/monitor_web/src/api/pm/pmAlarm.js", "JavaScript", 29, 0, 0, 0, 0, 0, 0, 0, 2, 5, 36
"/home/xbj/桌面/parallel-monitor/monitor_web/src/api/pm/pmAlarmScheme.js", "JavaScript", 23, 0, 0, 0, 0, 0, 0, 0, 6, 5, 34
"/home/xbj/桌面/parallel-monitor/monitor_web/src/api/pm/pmChartScheme.js", "JavaScript", 30, 0, 0, 0, 0, 0, 0, 0, 1, 6, 37
"/home/xbj/桌面/parallel-monitor/monitor_web/src/api/pm/pmNode.js", "JavaScript", 53, 0, 0, 0, 0, 0, 0, 0, 8, 7, 68
"/home/xbj/桌面/parallel-monitor/monitor_web/src/api/pm/pmNodeCpu.js", "JavaScript", 35, 0, 0, 0, 0, 0, 0, 0, 2, 4, 41
"/home/xbj/桌面/parallel-monitor/monitor_web/src/api/pm/pmNodeCpuState.js", "JavaScript", 36, 0, 0, 0, 0, 0, 0, 0, 2, 5, 43
"/home/xbj/桌面/parallel-monitor/monitor_web/src/api/pm/pmNodeDisk.js", "JavaScript", 30, 0, 0, 0, 0, 0, 0, 0, 1, 6, 37
"/home/xbj/桌面/parallel-monitor/monitor_web/src/api/pm/pmNodeDiskState.js", "JavaScript", 36, 0, 0, 0, 0, 0, 0, 0, 2, 5, 43
"/home/xbj/桌面/parallel-monitor/monitor_web/src/api/pm/pmNodeGpu.js", "JavaScript", 30, 0, 0, 0, 0, 0, 0, 0, 1, 5, 36
"/home/xbj/桌面/parallel-monitor/monitor_web/src/api/pm/pmNodeGpuState.js", "JavaScript", 36, 0, 0, 0, 0, 0, 0, 0, 2, 6, 44
"/home/xbj/桌面/parallel-monitor/monitor_web/src/api/pm/pmNodeInfo.js", "JavaScript", 36, 0, 0, 0, 0, 0, 0, 0, 0, 7, 43
"/home/xbj/桌面/parallel-monitor/monitor_web/src/api/pm/pmNodeMemory.js", "JavaScript", 29, 0, 0, 0, 0, 0, 0, 0, 1, 5, 35
"/home/xbj/桌面/parallel-monitor/monitor_web/src/api/pm/pmNodeNetwork.js", "JavaScript", 29, 0, 0, 0, 0, 0, 0, 0, 1, 4, 34
"/home/xbj/桌面/parallel-monitor/monitor_web/src/api/pm/pmNodeNetworkState.js", "JavaScript", 36, 0, 0, 0, 0, 0, 0, 0, 2, 5, 43
"/home/xbj/桌面/parallel-monitor/monitor_web/src/api/pm/pmNodeState.js", "JavaScript", 42, 0, 0, 0, 0, 0, 0, 0, 5, 5, 52
"/home/xbj/桌面/parallel-monitor/monitor_web/src/api/pm/webssh/webssh.js", "JavaScript", 39, 0, 0, 0, 0, 0, 0, 0, 11, 11, 61
"/home/xbj/桌面/parallel-monitor/monitor_web/src/api/pmDeploy/pmDeploy.js", "JavaScript", 85, 0, 0, 0, 0, 0, 0, 0, 1, 2, 88
"/home/xbj/桌面/parallel-monitor/monitor_web/src/api/system/code.js", "JavaScript", 13, 0, 0, 0, 0, 0, 0, 0, 0, 3, 16
"/home/xbj/桌面/parallel-monitor/monitor_web/src/api/system/dept.js", "JavaScript", 38, 0, 0, 0, 0, 0, 0, 0, 0, 7, 45
"/home/xbj/桌面/parallel-monitor/monitor_web/src/api/system/dict.js", "JavaScript", 29, 0, 0, 0, 0, 0, 0, 0, 0, 6, 35
"/home/xbj/桌面/parallel-monitor/monitor_web/src/api/system/dictDetail.js", "JavaScript", 46, 0, 0, 0, 0, 0, 0, 0, 0, 7, 53
"/home/xbj/桌面/parallel-monitor/monitor_web/src/api/system/job.js", "JavaScript", 35, 0, 0, 0, 0, 0, 0, 0, 0, 6, 41
"/home/xbj/桌面/parallel-monitor/monitor_web/src/api/system/menu.js", "JavaScript", 56, 0, 0, 0, 0, 0, 0, 0, 0, 10, 66
"/home/xbj/桌面/parallel-monitor/monitor_web/src/api/system/role.js", "JavaScript", 48, 0, 0, 0, 0, 0, 0, 0, 1, 9, 58
"/home/xbj/桌面/parallel-monitor/monitor_web/src/api/system/timing.js", "JavaScript", 35, 0, 0, 0, 0, 0, 0, 0, 0, 7, 42
"/home/xbj/桌面/parallel-monitor/monitor_web/src/api/system/user.js", "JavaScript", 53, 0, 0, 0, 0, 0, 0, 0, 0, 9, 62
"/home/xbj/桌面/parallel-monitor/monitor_web/src/api/tools/alipay.js", "JavaScript", 21, 0, 0, 0, 0, 0, 0, 0, 1, 4, 26
"/home/xbj/桌面/parallel-monitor/monitor_web/src/api/tools/email.js", "JavaScript", 21, 0, 0, 0, 0, 0, 0, 0, 0, 4, 25
"/home/xbj/桌面/parallel-monitor/monitor_web/src/api/tools/localStorage.js", "JavaScript", 23, 0, 0, 0, 0, 0, 0, 0, 0, 5, 28
"/home/xbj/桌面/parallel-monitor/monitor_web/src/api/tools/qiniu.js", "JavaScript", 34, 0, 0, 0, 0, 0, 0, 0, 0, 7, 41
"/home/xbj/桌面/parallel-monitor/monitor_web/src/assets/fonts/fonts.scss", "SCSS", 0, 0, 0, 0, 16, 0, 0, 0, 1, 2, 19
"/home/xbj/桌面/parallel-monitor/monitor_web/src/assets/icons/index.js", "JavaScript", 6, 0, 0, 0, 0, 0, 0, 0, 1, 3, 10
"/home/xbj/桌面/parallel-monitor/monitor_web/src/assets/icons/svg/CPU.svg", "XML", 0, 0, 0, 0, 0, 0, 0, 1, 0, 0, 1
"/home/xbj/桌面/parallel-monitor/monitor_web/src/assets/icons/svg/交换区.svg", "XML", 0, 0, 0, 0, 0, 0, 0, 1, 0, 0, 1
"/home/xbj/桌面/parallel-monitor/monitor_web/src/assets/icons/svg/内存条.svg", "XML", 0, 0, 0, 0, 0, 0, 0, 1, 0, 1, 2
"/home/xbj/桌面/parallel-monitor/monitor_web/src/assets/icons/svg/报警中心.svg", "XML", 0, 0, 0, 0, 0, 0, 0, 1, 0, 0, 1
"/home/xbj/桌面/parallel-monitor/monitor_web/src/assets/icons/svg/报警方案.svg", "XML", 0, 0, 0, 0, 0, 0, 0, 1, 0, 0, 1
"/home/xbj/桌面/parallel-monitor/monitor_web/src/assets/icons/svg/报警记录.svg", "XML", 0, 0, 0, 0, 0, 0, 0, 1, 0, 0, 1
"/home/xbj/桌面/parallel-monitor/monitor_web/src/assets/icons/svg/显卡.svg", "XML", 0, 0, 0, 0, 0, 0, 0, 1, 0, 0, 1
"/home/xbj/桌面/parallel-monitor/monitor_web/src/assets/icons/svg/磁盘.svg", "XML", 0, 0, 0, 0, 0, 0, 0, 1, 0, 1, 2
"/home/xbj/桌面/parallel-monitor/monitor_web/src/assets/icons/svg/管理.svg", "XML", 0, 0, 0, 0, 0, 0, 0, 1, 0, 1, 2
"/home/xbj/桌面/parallel-monitor/monitor_web/src/assets/icons/svg/网卡.svg", "XML", 0, 0, 0, 0, 0, 0, 0, 1, 0, 0, 1
"/home/xbj/桌面/parallel-monitor/monitor_web/src/assets/icons/svg/节点.svg", "XML", 0, 0, 0, 0, 0, 0, 0, 1, 0, 1, 2
"/home/xbj/桌面/parallel-monitor/monitor_web/src/assets/icons/svg/返回.svg", "XML", 0, 0, 0, 0, 0, 0, 0, 1, 0, 1, 2
"/home/xbj/桌面/parallel-monitor/monitor_web/src/assets/icons/svg/返回顶部.svg", "XML", 0, 0, 0, 0, 0, 0, 0, 1, 0, 1, 2
"/home/xbj/桌面/parallel-monitor/monitor_web/src/assets/icons/svg/集群信息.svg", "XML", 0, 0, 0, 0, 0, 0, 0, 1, 0, 0, 1
"/home/xbj/桌面/parallel-monitor/monitor_web/src/assets/icons/svg/首页.svg", "XML", 0, 0, 0, 0, 0, 0, 0, 1, 0, 0, 1
"/home/xbj/桌面/parallel-monitor/monitor_web/src/assets/icons/svgo.yml", "YAML", 0, 5, 0, 0, 0, 0, 0, 0, 13, 5, 23
"/home/xbj/桌面/parallel-monitor/monitor_web/src/assets/styles/btn.scss", "SCSS", 0, 0, 0, 0, 83, 0, 0, 0, 0, 17, 100
"/home/xbj/桌面/parallel-monitor/monitor_web/src/assets/styles/eladmin.scss", "SCSS", 0, 0, 0, 0, 112, 0, 0, 0, 3, 5, 120
"/home/xbj/桌面/parallel-monitor/monitor_web/src/assets/styles/element-ui.scss", "SCSS", 0, 0, 0, 0, 61, 0, 0, 0, 5, 14, 80
"/home/xbj/桌面/parallel-monitor/monitor_web/src/assets/styles/element-variables.scss", "SCSS", 0, 0, 0, 0, 13, 0, 0, 0, 10, 9, 32
"/home/xbj/桌面/parallel-monitor/monitor_web/src/assets/styles/index.scss", "SCSS", 0, 0, 0, 0, 148, 0, 0, 0, 4, 34, 186
"/home/xbj/桌面/parallel-monitor/monitor_web/src/assets/styles/mixin.scss", "SCSS", 0, 0, 0, 0, 56, 0, 0, 0, 0, 11, 67
"/home/xbj/桌面/parallel-monitor/monitor_web/src/assets/styles/sidebar.scss", "SCSS", 0, 0, 0, 0, 175, 0, 0, 0, 9, 37, 221
"/home/xbj/桌面/parallel-monitor/monitor_web/src/assets/styles/transition.scss", "SCSS", 0, 0, 0, 0, 35, 0, 0, 0, 4, 10, 49
"/home/xbj/桌面/parallel-monitor/monitor_web/src/assets/styles/variables.scss", "SCSS", 0, 0, 0, 0, 26, 0, 0, 0, 4, 6, 36
"/home/xbj/桌面/parallel-monitor/monitor_web/src/components/Breadcrumb/index.vue", "Vue.js", 0, 0, 0, 0, 0, 0, 73, 0, 3, 5, 81
"/home/xbj/桌面/parallel-monitor/monitor_web/src/components/Crud/CRUD.operation.vue", "Vue.js", 0, 0, 0, 0, 0, 0, 263, 0, 2, 4, 269
"/home/xbj/桌面/parallel-monitor/monitor_web/src/components/Crud/Pagination.vue", "Vue.js", 0, 0, 0, 0, 0, 0, 18, 0, 0, 1, 19
"/home/xbj/桌面/parallel-monitor/monitor_web/src/components/Crud/RR.operation.vue", "Vue.js", 0, 0, 0, 0, 0, 0, 20, 0, 0, 1, 21
"/home/xbj/桌面/parallel-monitor/monitor_web/src/components/Crud/UD.operation.vue", "Vue.js", 0, 0, 0, 0, 0, 0, 109, 0, 0, 1, 110
"/home/xbj/桌面/parallel-monitor/monitor_web/src/components/Crud/UT.operation.vue", "Vue.js", 0, 0, 0, 0, 0, 0, 47, 0, 18, 1, 66
"/home/xbj/桌面/parallel-monitor/monitor_web/src/components/Crud/crud.js", "JavaScript", 664, 0, 0, 0, 0, 0, 0, 0, 191, 15, 870
"/home/xbj/桌面/parallel-monitor/monitor_web/src/components/DateRangePicker/index.vue", "Vue.js", 0, 0, 0, 0, 0, 0, 44, 0, 0, 2, 46
"/home/xbj/桌面/parallel-monitor/monitor_web/src/components/Dict/Dict.js", "JavaScript", 27, 0, 0, 0, 0, 0, 0, 0, 0, 3, 30
"/home/xbj/桌面/parallel-monitor/monitor_web/src/components/Dict/index.js", "JavaScript", 27, 0, 0, 0, 0, 0, 0, 0, 0, 3, 30
"/home/xbj/桌面/parallel-monitor/monitor_web/src/components/Doc/index.vue", "Vue.js", 0, 0, 0, 0, 0, 0, 15, 0, 0, 2, 17
"/home/xbj/桌面/parallel-monitor/monitor_web/src/components/Echarts/Ball.vue", "Vue.js", 0, 0, 0, 0, 0, 0, 116, 0, 1, 1, 118
"/home/xbj/桌面/parallel-monitor/monitor_web/src/components/Echarts/BarChart.vue", "Vue.js", 0, 0, 0, 0, 0, 0, 124, 0, 2, 3, 129
"/home/xbj/桌面/parallel-monitor/monitor_web/src/components/Echarts/Category.vue", "Vue.js", 0, 0, 0, 0, 0, 0, 427, 0, 0, 12, 439
"/home/xbj/桌面/parallel-monitor/monitor_web/src/components/Echarts/Chartplug.vue", "Vue.js", 0, 0, 0, 0, 0, 0, 505, 0, 50, 6, 561
"/home/xbj/桌面/parallel-monitor/monitor_web/src/components/Echarts/Clocks.vue", "Vue.js", 0, 0, 0, 0, 0, 0, 271, 0, 30, 4, 305
"/home/xbj/桌面/parallel-monitor/monitor_web/src/components/Echarts/Funnel.vue", "Vue.js", 0, 0, 0, 0, 0, 0, 115, 0, 1, 5, 121
"/home/xbj/桌面/parallel-monitor/monitor_web/src/components/Echarts/Gauge.vue", "Vue.js", 0, 0, 0, 0, 0, 0, 170, 0, 89, 2, 261
"/home/xbj/桌面/parallel-monitor/monitor_web/src/components/Echarts/Graph.vue", "Vue.js", 0, 0, 0, 0, 0, 0, 98, 0, 0, 4, 102
"/home/xbj/桌面/parallel-monitor/monitor_web/src/components/Echarts/HeatMap.vue", "Vue.js", 0, 0, 0, 0, 0, 0, 101, 0, 0, 5, 106
"/home/xbj/桌面/parallel-monitor/monitor_web/src/components/Echarts/Line3D.vue", "Vue.js", 0, 0, 0, 0, 0, 0, 294, 0, 18, 6, 318
"/home/xbj/桌面/parallel-monitor/monitor_web/src/components/Echarts/PieChart.vue", "Vue.js", 0, 0, 0, 0, 0, 0, 81, 0, 0, 4, 85
"/home/xbj/桌面/parallel-monitor/monitor_web/src/components/Echarts/Point.vue", "Vue.js", 0, 0, 0, 0, 0, 0, 144, 0, 1, 5, 150
"/home/xbj/桌面/parallel-monitor/monitor_web/src/components/Echarts/Progress.vue", "Vue.js", 0, 0, 0, 0, 0, 0, 109, 0, 1, 1, 111
"/home/xbj/桌面/parallel-monitor/monitor_web/src/components/Echarts/Radar.vue", "Vue.js", 0, 0, 0, 0, 0, 0, 141, 0, 3, 4, 148
"/home/xbj/桌面/parallel-monitor/monitor_web/src/components/Echarts/RadarChart.vue", "Vue.js", 0, 0, 0, 0, 0, 0, 200, 0, 13, 6, 219
"/home/xbj/桌面/parallel-monitor/monitor_web/src/components/Echarts/RadarChart1.vue", "Vue.js", 0, 0, 0, 0, 0, 0, 122, 0, 14, 6, 142
"/home/xbj/桌面/parallel-monitor/monitor_web/src/components/Echarts/RadarChart2.vue", "Vue.js", 0, 0, 0, 0, 0, 0, 159, 0, 28, 10, 197
"/home/xbj/桌面/parallel-monitor/monitor_web/src/components/Echarts/RadarChart_vs.vue", "Vue.js", 0, 0, 0, 0, 0, 0, 307, 0, 34, 8, 349
"/home/xbj/桌面/parallel-monitor/monitor_web/src/components/Echarts/RectangularTree.vue", "Vue.js", 0, 0, 0, 0, 0, 0, 333, 0, 104, 8, 445
"/home/xbj/桌面/parallel-monitor/monitor_web/src/components/Echarts/Rich.vue", "Vue.js", 0, 0, 0, 0, 0, 0, 144, 0, 0, 6, 150
"/home/xbj/桌面/parallel-monitor/monitor_web/src/components/Echarts/Sankey.vue", "Vue.js", 0, 0, 0, 0, 0, 0, 96, 0, 0, 5, 101
"/home/xbj/桌面/parallel-monitor/monitor_web/src/components/Echarts/Scatter.vue", "Vue.js", 0, 0, 0, 0, 0, 0, 283, 0, 15, 4, 302
"/home/xbj/桌面/parallel-monitor/monitor_web/src/components/Echarts/Scatter1.vue", "Vue.js", 0, 0, 0, 0, 0, 0, 265, 0, 20, 5, 290
"/home/xbj/桌面/parallel-monitor/monitor_web/src/components/Echarts/Scatter2.vue", "Vue.js", 0, 0, 0, 0, 0, 0, 265, 0, 13, 4, 282
"/home/xbj/桌面/parallel-monitor/monitor_web/src/components/Echarts/Sunburst.vue", "Vue.js", 0, 0, 0, 0, 0, 0, 104, 0, 0, 4, 108
"/home/xbj/桌面/parallel-monitor/monitor_web/src/components/Echarts/Temprature.vue", "Vue.js", 0, 0, 0, 0, 0, 0, 161, 0, 9, 5, 175
"/home/xbj/桌面/parallel-monitor/monitor_web/src/components/Echarts/Test.vue", "Vue.js", 0, 0, 0, 0, 0, 0, 701, 0, 78, 6, 785
"/home/xbj/桌面/parallel-monitor/monitor_web/src/components/Echarts/ThemeRiver.vue", "Vue.js", 0, 0, 0, 0, 0, 0, 140, 0, 0, 9, 149
"/home/xbj/桌面/parallel-monitor/monitor_web/src/components/Echarts/WordCloud.vue", "Vue.js", 0, 0, 0, 0, 0, 0, 191, 0, 0, 2, 193
"/home/xbj/桌面/parallel-monitor/monitor_web/src/components/Echarts/cpuLineChart.vue", "Vue.js", 0, 0, 0, 0, 0, 0, 214, 0, 24, 4, 242
"/home/xbj/桌面/parallel-monitor/monitor_web/src/components/Echarts/cpuLineChartHY.vue", "Vue.js", 0, 0, 0, 0, 0, 0, 219, 0, 25, 4, 248
"/home/xbj/桌面/parallel-monitor/monitor_web/src/components/Echarts/generalChart.vue", "Vue.js", 0, 0, 0, 0, 0, 0, 84, 0, 8, 2, 94
"/home/xbj/桌面/parallel-monitor/monitor_web/src/components/Echarts/lineChart.vue", "Vue.js", 0, 0, 0, 0, 0, 0, 121, 0, 13, 6, 140
"/home/xbj/桌面/parallel-monitor/monitor_web/src/components/Echarts/rectanguleChart.vue", "Vue.js", 0, 0, 0, 0, 0, 0, 363, 0, 75, 6, 444
"/home/xbj/桌面/parallel-monitor/monitor_web/src/components/Echarts/sca3D.vue", "Vue.js", 0, 0, 0, 0, 0, 0, 253, 0, 11, 5, 269
"/home/xbj/桌面/parallel-monitor/monitor_web/src/components/Echarts/scatter2D.vue", "Vue.js", 0, 0, 0, 0, 0, 0, 241, 0, 20, 5, 266
"/home/xbj/桌面/parallel-monitor/monitor_web/src/components/Echarts/scatter3D.vue", "Vue.js", 0, 0, 0, 0, 0, 0, 235, 0, 52, 6, 293
"/home/xbj/桌面/parallel-monitor/monitor_web/src/components/GithubCorner/index.vue", "Vue.js", 0, 0, 0, 0, 0, 0, 51, 0, 0, 4, 55
"/home/xbj/桌面/parallel-monitor/monitor_web/src/components/Hamburger/index.vue", "Vue.js", 0, 0, 0, 0, 0, 0, 41, 0, 0, 4, 45
"/home/xbj/桌面/parallel-monitor/monitor_web/src/components/HeaderSearch/index.vue", "Vue.js", 0, 0, 0, 0, 0, 0, 167, 0, 9, 13, 189
"/home/xbj/桌面/parallel-monitor/monitor_web/src/components/IconSelect/index.vue", "Vue.js", 0, 0, 0, 0, 0, 0, 66, 0, 0, 3, 69
"/home/xbj/桌面/parallel-monitor/monitor_web/src/components/IconSelect/requireIcons.js", "JavaScript", 7, 0, 0, 0, 0, 0, 0, 0, 0, 5, 12
"/home/xbj/桌面/parallel-monitor/monitor_web/src/components/Iframe/index.vue", "Vue.js", 0, 0, 0, 0, 0, 0, 30, 0, 0, 1, 31
"/home/xbj/桌面/parallel-monitor/monitor_web/src/components/JavaEdit/index.vue", "Vue.js", 0, 0, 0, 0, 0, 0, 74, 0, 2, 3, 79
"/home/xbj/桌面/parallel-monitor/monitor_web/src/components/Pagination/index.vue", "Vue.js", 0, 0, 0, 0, 0, 0, 98, 0, 0, 4, 102
"/home/xbj/桌面/parallel-monitor/monitor_web/src/components/PanThumb/index.vue", "Vue.js", 0, 0, 0, 0, 0, 0, 128, 0, 0, 13, 141
"/home/xbj/桌面/parallel-monitor/monitor_web/src/components/ParentView/index.vue", "Vue.js", 0, 0, 0, 0, 0, 0, 3, 0, 0, 1, 4
"/home/xbj/桌面/parallel-monitor/monitor_web/src/components/Permission/index.js", "JavaScript", 10, 0, 0, 0, 0, 0, 0, 0, 0, 4, 14
"/home/xbj/桌面/parallel-monitor/monitor_web/src/components/Permission/permission.js", "JavaScript", 20, 0, 0, 0, 0, 0, 0, 0, 0, 2, 22
"/home/xbj/桌面/parallel-monitor/monitor_web/src/components/RightPanel/index.vue", "Vue.js", 0, 0, 0, 0, 0, 0, 140, 0, 0, 10, 150
"/home/xbj/桌面/parallel-monitor/monitor_web/src/components/Screenfull/index.vue", "Vue.js", 0, 0, 0, 0, 0, 0, 57, 0, 0, 4, 61
"/home/xbj/桌面/parallel-monitor/monitor_web/src/components/SizeSelect/index.vue", "Vue.js", 0, 0, 0, 0, 0, 0, 52, 0, 1, 5, 58
"/home/xbj/桌面/parallel-monitor/monitor_web/src/components/SvgIcon/index.vue", "Vue.js", 0, 0, 0, 0, 0, 0, 57, 0, 1, 5, 63
"/home/xbj/桌面/parallel-monitor/monitor_web/src/components/ThemePicker/index.vue", "Vue.js", 0, 0, 0, 0, 0, 0, 143, 0, 0, 23, 166
"/home/xbj/桌面/parallel-monitor/monitor_web/src/components/UploadExcel/index.vue", "Vue.js", 0, 0, 0, 0, 0, 0, 131, 0, 2, 6, 139
"/home/xbj/桌面/parallel-monitor/monitor_web/src/components/YamlEdit/index.vue", "Vue.js", 0, 0, 0, 0, 0, 0, 77, 0, 2, 3, 82
"/home/xbj/桌面/parallel-monitor/monitor_web/src/components/star/star.vue", "Vue.js", 0, 0, 0, 0, 0, 0, 158, 0, 26, 9, 193
"/home/xbj/桌面/parallel-monitor/monitor_web/src/components/three/three.vue", "Vue.js", 0, 0, 0, 0, 0, 0, 130, 0, 18, 18, 166
"/home/xbj/桌面/parallel-monitor/monitor_web/src/components/window/index.vue", "Vue.js", 0, 0, 0, 0, 0, 0, 252, 0, 58, 5, 315
"/home/xbj/桌面/parallel-monitor/monitor_web/src/excel/Blob.js", "JavaScript", 278, 0, 0, 0, 0, 0, 0, 0, 43, 303, 624
"/home/xbj/桌面/parallel-monitor/monitor_web/src/excel/export2Excel.js", "JavaScript", 106, 0, 0, 0, 0, 0, 0, 0, 11, 25, 142
"/home/xbj/桌面/parallel-monitor/monitor_web/src/filters/common.js", "JavaScript", 42, 0, 0, 0, 0, 0, 0, 0, 4, 1, 47
"/home/xbj/桌面/parallel-monitor/monitor_web/src/layout/components/AppMain.vue", "Vue.js", 0, 0, 0, 0, 0, 0, 54, 0, 6, 7, 67
"/home/xbj/桌面/parallel-monitor/monitor_web/src/layout/components/Navbar.vue", "Vue.js", 0, 0, 0, 0, 0, 0, 284, 0, 20, 24, 328
"/home/xbj/桌面/parallel-monitor/monitor_web/src/layout/components/Settings/index.vue", "Vue.js", 0, 0, 0, 0, 0, 0, 112, 0, 0, 13, 125
"/home/xbj/桌面/parallel-monitor/monitor_web/src/layout/components/Sidebar/FixiOSBug.js", "JavaScript", 24, 0, 0, 0, 0, 0, 0, 0, 2, 1, 27
"/home/xbj/桌面/parallel-monitor/monitor_web/src/layout/components/Sidebar/Item.vue", "Vue.js", 0, 0, 0, 0, 0, 0, 27, 0, 0, 3, 30
"/home/xbj/桌面/parallel-monitor/monitor_web/src/layout/components/Sidebar/Link.vue", "Vue.js", 0, 0, 0, 0, 0, 0, 33, 0, 0, 4, 37
"/home/xbj/桌面/parallel-monitor/monitor_web/src/layout/components/Sidebar/Logo.vue", "Vue.js", 0, 0, 0, 0, 0, 0, 77, 0, 3, 8, 88
"/home/xbj/桌面/parallel-monitor/monitor_web/src/layout/components/Sidebar/SidebarItem.vue", "Vue.js", 0, 0, 0, 0, 0, 0, 83, 0, 6, 7, 96
"/home/xbj/桌面/parallel-monitor/monitor_web/src/layout/components/Sidebar/index.vue", "Vue.js", 0, 0, 0, 0, 0, 0, 64, 0, 1, 3, 68
"/home/xbj/桌面/parallel-monitor/monitor_web/src/layout/components/TagsView/ScrollPane.vue", "Vue.js", 0, 0, 0, 0, 0, 0, 72, 0, 4, 10, 86
"/home/xbj/桌面/parallel-monitor/monitor_web/src/layout/components/TagsView/index.vue", "Vue.js", 0, 0, 0, 0, 0, 0, 305, 0, 15, 7, 327
"/home/xbj/桌面/parallel-monitor/monitor_web/src/layout/components/index.js", "JavaScript", 5, 0, 0, 0, 0, 0, 0, 0, 0, 1, 6
"/home/xbj/桌面/parallel-monitor/monitor_web/src/layout/components/userCenter.vue", "Vue.js", 0, 0, 0, 0, 0, 0, 185, 0, 19, 6, 210
"/home/xbj/桌面/parallel-monitor/monitor_web/src/layout/index.vue", "Vue.js", 0, 0, 0, 0, 0, 0, 122, 0, 1, 10, 133
"/home/xbj/桌面/parallel-monitor/monitor_web/src/layout/mixin/ResizeHandler.js", "JavaScript", 40, 0, 0, 0, 0, 0, 0, 0, 2, 4, 46
"/home/xbj/桌面/parallel-monitor/monitor_web/src/main.js", "JavaScript", 52, 0, 0, 0, 0, 0, 0, 0, 10, 14, 76
"/home/xbj/桌面/parallel-monitor/monitor_web/src/mixins/crud.js", "JavaScript", 254, 0, 0, 0, 0, 0, 0, 0, 80, 2, 336
"/home/xbj/桌面/parallel-monitor/monitor_web/src/router/index.js", "JavaScript", 61, 0, 0, 0, 0, 0, 0, 0, 5, 7, 73
"/home/xbj/桌面/parallel-monitor/monitor_web/src/router/routers.js", "JavaScript", 70, 0, 0, 0, 0, 0, 0, 0, 7, 4, 81
"/home/xbj/桌面/parallel-monitor/monitor_web/src/settings.js", "JavaScript", 14, 0, 0, 0, 0, 0, 0, 0, 36, 1, 51
"/home/xbj/桌面/parallel-monitor/monitor_web/src/store/getters.js", "JavaScript", 25, 0, 0, 0, 0, 0, 0, 0, 0, 1, 26
"/home/xbj/桌面/parallel-monitor/monitor_web/src/store/index.js", "JavaScript", 82, 0, 0, 0, 0, 0, 0, 0, 5, 5, 92
"/home/xbj/桌面/parallel-monitor/monitor_web/src/store/modules/api.js", "JavaScript", 17, 0, 0, 0, 0, 0, 0, 0, 11, 2, 30
"/home/xbj/桌面/parallel-monitor/monitor_web/src/store/modules/app.js", "JavaScript", 52, 0, 0, 0, 0, 0, 0, 0, 0, 5, 57
"/home/xbj/桌面/parallel-monitor/monitor_web/src/store/modules/permission.js", "JavaScript", 78, 0, 0, 0, 0, 0, 0, 0, 0, 6, 84
"/home/xbj/桌面/parallel-monitor/monitor_web/src/store/modules/settings.js", "JavaScript", 32, 0, 0, 0, 0, 0, 0, 0, 0, 6, 38
"/home/xbj/桌面/parallel-monitor/monitor_web/src/store/modules/tagsView.js", "JavaScript", 153, 0, 0, 0, 0, 0, 0, 0, 1, 12, 166
"/home/xbj/桌面/parallel-monitor/monitor_web/src/store/modules/user.js", "JavaScript", 80, 0, 0, 0, 0, 0, 0, 0, 6, 9, 95
"/home/xbj/桌面/parallel-monitor/monitor_web/src/utils/auth.js", "JavaScript", 14, 0, 0, 0, 0, 0, 0, 0, 0, 5, 19
"/home/xbj/桌面/parallel-monitor/monitor_web/src/utils/clipboard.js", "JavaScript", 33, 0, 0, 0, 0, 0, 0, 0, 0, 4, 37
"/home/xbj/桌面/parallel-monitor/monitor_web/src/utils/common.js", "JavaScript", 26, 0, 0, 0, 0, 0, 0, 0, 0, 1, 27
"/home/xbj/桌面/parallel-monitor/monitor_web/src/utils/datetime.js", "JavaScript", 178, 0, 0, 0, 0, 0, 0, 0, 5, 34, 217
"/home/xbj/桌面/parallel-monitor/monitor_web/src/utils/index.js", "JavaScript", 263, 0, 0, 0, 0, 0, 0, 0, 98, 28, 389
"/home/xbj/桌面/parallel-monitor/monitor_web/src/utils/permission.js", "JavaScript", 17, 0, 0, 0, 0, 0, 0, 0, 5, 2, 24
"/home/xbj/桌面/parallel-monitor/monitor_web/src/utils/request.js", "JavaScript", 80, 0, 0, 0, 0, 0, 0, 0, 6, 4, 90
"/home/xbj/桌面/parallel-monitor/monitor_web/src/utils/rsaEncrypt.js", "JavaScript", 21, 0, 0, 0, 0, 0, 0, 0, 3, 7, 31
"/home/xbj/桌面/parallel-monitor/monitor_web/src/utils/shortcuts.js", "JavaScript", 105, 0, 0, 0, 0, 0, 0, 0, 0, 4, 109
"/home/xbj/桌面/parallel-monitor/monitor_web/src/utils/upload.js", "JavaScript", 10, 0, 0, 0, 0, 0, 0, 0, 0, 2, 12
"/home/xbj/桌面/parallel-monitor/monitor_web/src/utils/validate.js", "JavaScript", 103, 0, 0, 0, 0, 0, 0, 0, 49, 16, 168
"/home/xbj/桌面/parallel-monitor/monitor_web/src/views/components/Echarts.vue", "Vue.js", 0, 0, 0, 0, 0, 0, 121, 0, 0, 4, 125
"/home/xbj/桌面/parallel-monitor/monitor_web/src/views/components/Editor.vue", "Vue.js", 0, 0, 0, 0, 0, 0, 67, 0, 5, 3, 75
"/home/xbj/桌面/parallel-monitor/monitor_web/src/views/components/MarkDown.vue", "Vue.js", 0, 0, 0, 0, 0, 0, 44, 0, 0, 3, 47
"/home/xbj/桌面/parallel-monitor/monitor_web/src/views/components/YamlEdit.vue", "Vue.js", 0, 0, 0, 0, 0, 0, 204, 0, 0, 4, 208
"/home/xbj/桌面/parallel-monitor/monitor_web/src/views/components/excel/upload-excel.vue", "Vue.js", 0, 0, 0, 0, 0, 0, 38, 0, 0, 4, 42
"/home/xbj/桌面/parallel-monitor/monitor_web/src/views/components/icons/element-icons.js", "JavaScript", 73, 0, 0, 0, 0, 0, 0, 0, 0, 2, 75
"/home/xbj/桌面/parallel-monitor/monitor_web/src/views/components/icons/index.vue", "Vue.js", 0, 0, 0, 0, 0, 0, 94, 0, 0, 4, 98
"/home/xbj/桌面/parallel-monitor/monitor_web/src/views/components/icons/svg-icons.js", "JavaScript", 7, 0, 0, 0, 0, 0, 0, 0, 0, 4, 11
"/home/xbj/桌面/parallel-monitor/monitor_web/src/views/components/pm/bigSubTitle.vue", "Vue.js", 0, 0, 0, 0, 0, 0, 51, 0, 0, 2, 53
"/home/xbj/桌面/parallel-monitor/monitor_web/src/views/components/pm/floatChart.vue", "Vue.js", 0, 0, 0, 0, 0, 0, 192, 0, 0, 1, 193
"/home/xbj/桌面/parallel-monitor/monitor_web/src/views/components/pm/sliderPannel.vue", "Vue.js", 0, 0, 0, 0, 0, 0, 187, 0, 3, 2, 192
"/home/xbj/桌面/parallel-monitor/monitor_web/src/views/dashboard/LineChart.vue", "Vue.js", 0, 0, 0, 0, 0, 0, 63, 0, 0, 3, 66
"/home/xbj/桌面/parallel-monitor/monitor_web/src/views/dashboard/PanelGroup.vue", "Vue.js", 0, 0, 0, 0, 0, 0, 210, 0, 0, 22, 232
"/home/xbj/桌面/parallel-monitor/monitor_web/src/views/dashboard/mixins/resize.js", "JavaScript", 50, 0, 0, 0, 0, 0, 0, 0, 4, 2, 56
"/home/xbj/桌面/parallel-monitor/monitor_web/src/views/features/401.vue", "Vue.js", 0, 0, 0, 0, 0, 0, 86, 0, 0, 4, 90
"/home/xbj/桌面/parallel-monitor/monitor_web/src/views/features/404.vue", "Vue.js", 0, 0, 0, 0, 0, 0, 222, 0, 0, 4, 226
"/home/xbj/桌面/parallel-monitor/monitor_web/src/views/features/redirect.vue", "Vue.js", 0, 0, 0, 0, 0, 0, 12, 0, 0, 1, 13
"/home/xbj/桌面/parallel-monitor/monitor_web/src/views/generator/config.vue", "Vue.js", 0, 0, 0, 0, 0, 0, 321, 0, 1, 4, 326
"/home/xbj/桌面/parallel-monitor/monitor_web/src/views/generator/index.vue", "Vue.js", 0, 0, 0, 0, 0, 0, 107, 0, 2, 6, 115
"/home/xbj/桌面/parallel-monitor/monitor_web/src/views/generator/preview.vue", "Vue.js", 0, 0, 0, 0, 0, 0, 29, 0, 0, 2, 31
"/home/xbj/桌面/parallel-monitor/monitor_web/src/views/home.vue", "Vue.js", 0, 0, 0, 0, 0, 0, 343, 0, 31, 6, 380
"/home/xbj/桌面/parallel-monitor/monitor_web/src/views/login.vue", "Vue.js", 0, 0, 0, 0, 0, 0, 458, 0, 30, 7, 495
"/home/xbj/桌面/parallel-monitor/monitor_web/src/views/mnt/app/index.vue", "Vue.js", 0, 0, 0, 0, 0, 0, 141, 0, 0, 4, 145
"/home/xbj/桌面/parallel-monitor/monitor_web/src/views/mnt/database/execute.vue", "Vue.js", 0, 0, 0, 0, 0, 0, 84, 0, 0, 3, 87
"/home/xbj/桌面/parallel-monitor/monitor_web/src/views/mnt/database/index.vue", "Vue.js", 0, 0, 0, 0, 0, 0, 145, 0, 0, 4, 149
"/home/xbj/桌面/parallel-monitor/monitor_web/src/views/mnt/deploy/deploy.vue", "Vue.js", 0, 0, 0, 0, 0, 0, 186, 0, 1, 4, 191
"/home/xbj/桌面/parallel-monitor/monitor_web/src/views/mnt/deploy/index.vue", "Vue.js", 0, 0, 0, 0, 0, 0, 224, 0, 2, 4, 230
"/home/xbj/桌面/parallel-monitor/monitor_web/src/views/mnt/deploy/sysRestore.vue", "Vue.js", 0, 0, 0, 0, 0, 0, 106, 0, 0, 3, 109
"/home/xbj/桌面/parallel-monitor/monitor_web/src/views/mnt/deployHistory/index.vue", "Vue.js", 0, 0, 0, 0, 0, 0, 90, 0, 0, 4, 94
"/home/xbj/桌面/parallel-monitor/monitor_web/src/views/mnt/server/index.vue", "Vue.js", 0, 0, 0, 0, 0, 0, 132, 0, 0, 5, 137
"/home/xbj/桌面/parallel-monitor/monitor_web/src/views/monitor/log/errorLog.vue", "Vue.js", 0, 0, 0, 0, 0, 0, 131, 0, 1, 4, 136
"/home/xbj/桌面/parallel-monitor/monitor_web/src/views/monitor/log/index.vue", "Vue.js", 0, 0, 0, 0, 0, 0, 111, 0, 0, 4, 115
"/home/xbj/桌面/parallel-monitor/monitor_web/src/views/monitor/log/search.vue", "Vue.js", 0, 0, 0, 0, 0, 0, 23, 0, 0, 2, 25
"/home/xbj/桌面/parallel-monitor/monitor_web/src/views/monitor/online/index.vue", "Vue.js", 0, 0, 0, 0, 0, 0, 119, 0, 1, 3, 123
"/home/xbj/桌面/parallel-monitor/monitor_web/src/views/monitor/server/index.vue", "Vue.js", 0, 0, 0, 0, 0, 0, 288, 0, 0, 4, 292
"/home/xbj/桌面/parallel-monitor/monitor_web/src/views/monitor/sql/index.vue", "Vue.js", 0, 0, 0, 0, 0, 0, 16, 0, 0, 1, 17
"/home/xbj/桌面/parallel-monitor/monitor_web/src/views/nested/menu1/menu1-1/index.vue", "Vue.js", 0, 0, 0, 0, 0, 0, 36, 0, 0, 1, 37
"/home/xbj/桌面/parallel-monitor/monitor_web/src/views/nested/menu1/menu1-2/index.vue", "Vue.js", 0, 0, 0, 0, 0, 0, 5, 0, 0, 1, 6
"/home/xbj/桌面/parallel-monitor/monitor_web/src/views/nested/menu2/index.vue", "Vue.js", 0, 0, 0, 0, 0, 0, 5, 0, 0, 1, 6
"/home/xbj/桌面/parallel-monitor/monitor_web/src/views/newHome.vue", "Vue.js", 0, 0, 0, 0, 0, 0, 1079, 0, 131, 8, 1218
"/home/xbj/桌面/parallel-monitor/monitor_web/src/views/newNodesDetail.vue", "Vue.js", 0, 0, 0, 0, 0, 0, 431, 0, 41, 6, 478
"/home/xbj/桌面/parallel-monitor/monitor_web/src/views/pm/Three.vue", "Vue.js", 0, 0, 0, 0, 0, 0, 154, 0, 73, 15, 242
"/home/xbj/桌面/parallel-monitor/monitor_web/src/views/pm/alarmCenter/alarmHistory.vue", "Vue.js", 0, 0, 0, 0, 0, 0, 387, 0, 60, 13, 460
"/home/xbj/桌面/parallel-monitor/monitor_web/src/views/pm/alarmCenter/pmAlarmScheme.vue", "Vue.js", 0, 0, 0, 0, 0, 0, 1391, 0, 120, 66, 1577
"/home/xbj/桌面/parallel-monitor/monitor_web/src/views/pm/basicData/cpuChart.vue", "Vue.js", 0, 0, 0, 0, 0, 0, 883, 0, 48, 6, 937
"/home/xbj/桌面/parallel-monitor/monitor_web/src/views/pm/basicData/cpuInfo.vue", "Vue.js", 0, 0, 0, 0, 0, 0, 310, 0, 16, 4, 330
"/home/xbj/桌面/parallel-monitor/monitor_web/src/views/pm/basicData/diskChart.vue", "Vue.js", 0, 0, 0, 0, 0, 0, 442, 0, 51, 5, 498
"/home/xbj/桌面/parallel-monitor/monitor_web/src/views/pm/basicData/diskInfo.vue", "Vue.js", 0, 0, 0, 0, 0, 0, 222, 0, 18, 5, 245
"/home/xbj/桌面/parallel-monitor/monitor_web/src/views/pm/basicData/gpuChart.vue", "Vue.js", 0, 0, 0, 0, 0, 0, 505, 0, 50, 6, 561
"/home/xbj/桌面/parallel-monitor/monitor_web/src/views/pm/basicData/gpuInfo.vue", "Vue.js", 0, 0, 0, 0, 0, 0, 280, 0, 19, 4, 303
"/home/xbj/桌面/parallel-monitor/monitor_web/src/views/pm/basicData/memoryInfo.vue", "Vue.js", 0, 0, 0, 0, 0, 0, 172, 0, 8, 4, 184
"/home/xbj/桌面/parallel-monitor/monitor_web/src/views/pm/basicData/networkChart.vue", "Vue.js", 0, 0, 0, 0, 0, 0, 396, 0, 32, 6, 434
"/home/xbj/桌面/parallel-monitor/monitor_web/src/views/pm/basicData/networkInfo.vue", "Vue.js", 0, 0, 0, 0, 0, 0, 215, 0, 15, 5, 235
"/home/xbj/桌面/parallel-monitor/monitor_web/src/views/pm/basicData/pmNodeChart.vue", "Vue.js", 0, 0, 0, 0, 0, 0, 885, 0, 61, 2, 948
"/home/xbj/桌面/parallel-monitor/monitor_web/src/views/pm/basicData/pmNodeInfo.vue", "Vue.js", 0, 0, 0, 0, 0, 0, 499, 0, 72, 6, 577
"/home/xbj/桌面/parallel-monitor/monitor_web/src/views/pm/clusterManage.vue", "Vue.js", 0, 0, 0, 0, 0, 0, 0, 0, 0, 1, 1
"/home/xbj/桌面/parallel-monitor/monitor_web/src/views/pm/configInfo.vue", "Vue.js", 0, 0, 0, 0, 0, 0, 357, 0, 26, 5, 388
"/home/xbj/桌面/parallel-monitor/monitor_web/src/views/pm/dataCenter.vue", "Vue.js", 0, 0, 0, 0, 0, 0, 150, 0, 10, 1, 161
"/home/xbj/桌面/parallel-monitor/monitor_web/src/views/pm/nodeTreeChart.vue", "Vue.js", 0, 0, 0, 0, 0, 0, 344, 0, 17, 7, 368
"/home/xbj/桌面/parallel-monitor/monitor_web/src/views/pm/pmNodeDisplay.vue", "Vue.js", 0, 0, 0, 0, 0, 0, 744, 0, 74, 3, 821
"/home/xbj/桌面/parallel-monitor/monitor_web/src/views/pm/testTool.vue", "Vue.js", 0, 0, 0, 0, 0, 0, 638, 0, 16, 14, 668
"/home/xbj/桌面/parallel-monitor/monitor_web/src/views/pm/webssh/checknode.vue", "Vue.js", 0, 0, 0, 0, 0, 0, 168, 0, 6, 4, 178
"/home/xbj/桌面/parallel-monitor/monitor_web/src/views/pm/webssh/router.vue", "Vue.js", 0, 0, 0, 0, 0, 0, 33, 0, 2, 3, 38
"/home/xbj/桌面/parallel-monitor/monitor_web/src/views/pm/webssh/scment.vue", "Vue.js", 0, 0, 0, 0, 0, 0, 455, 0, 49, 10, 514
"/home/xbj/桌面/parallel-monitor/monitor_web/src/views/pm/webssh/setup.vue", "Vue.js", 0, 0, 0, 0, 0, 0, 95, 0, 1, 4, 100
"/home/xbj/桌面/parallel-monitor/monitor_web/src/views/pm/webssh/sshAll.vue", "Vue.js", 0, 0, 0, 0, 0, 0, 74, 0, 2, 10, 86
"/home/xbj/桌面/parallel-monitor/monitor_web/src/views/pm/webssh/webssh.vue", "Vue.js", 0, 0, 0, 0, 0, 0, 119, 0, 6, 2, 127
"/home/xbj/桌面/parallel-monitor/monitor_web/src/views/system/dept/index.vue", "Vue.js", 0, 0, 0, 0, 0, 0, 246, 0, 5, 4, 255
"/home/xbj/桌面/parallel-monitor/monitor_web/src/views/system/dict/dictDetail.vue", "Vue.js", 0, 0, 0, 0, 0, 0, 111, 0, 0, 5, 116
"/home/xbj/桌面/parallel-monitor/monitor_web/src/views/system/dict/index.vue", "Vue.js", 0, 0, 0, 0, 0, 0, 127, 0, 4, 5, 136
"/home/xbj/桌面/parallel-monitor/monitor_web/src/views/system/job/index.vue", "Vue.js", 0, 0, 0, 0, 0, 0, 108, 0, 4, 3, 115
"/home/xbj/桌面/parallel-monitor/monitor_web/src/views/system/job/module/form.vue", "Vue.js", 0, 0, 0, 0, 0, 0, 107, 0, 0, 4, 111
"/home/xbj/桌面/parallel-monitor/monitor_web/src/views/system/job/module/header.vue", "Vue.js", 0, 0, 0, 0, 0, 0, 31, 0, 0, 2, 33
"/home/xbj/桌面/parallel-monitor/monitor_web/src/views/system/menu/index.vue", "Vue.js", 0, 0, 0, 0, 0, 0, 246, 0, 3, 4, 253
"/home/xbj/桌面/parallel-monitor/monitor_web/src/views/system/role/index.vue", "Vue.js", 0, 0, 0, 0, 0, 0, 339, 0, 17, 5, 361
"/home/xbj/桌面/parallel-monitor/monitor_web/src/views/system/timing/index.vue", "Vue.js", 0, 0, 0, 0, 0, 0, 205, 0, 3, 3, 211
"/home/xbj/桌面/parallel-monitor/monitor_web/src/views/system/timing/log.vue", "Vue.js", 0, 0, 0, 0, 0, 0, 100, 0, 2, 3, 105
"/home/xbj/桌面/parallel-monitor/monitor_web/src/views/system/user/center.vue", "Vue.js", 0, 0, 0, 0, 0, 0, 219, 0, 1, 3, 223
"/home/xbj/桌面/parallel-monitor/monitor_web/src/views/system/user/center/updateEmail.vue", "Vue.js", 0, 0, 0, 0, 0, 0, 134, 0, 0, 4, 138
"/home/xbj/桌面/parallel-monitor/monitor_web/src/views/system/user/center/updatePass.vue", "Vue.js", 0, 0, 0, 0, 0, 0, 92, 0, 0, 4, 96
"/home/xbj/桌面/parallel-monitor/monitor_web/src/views/system/user/index.vue", "Vue.js", 0, 0, 0, 0, 0, 0, 463, 0, 13, 3, 479
"/home/xbj/桌面/parallel-monitor/monitor_web/src/views/tools/aliPay/config.vue", "Vue.js", 0, 0, 0, 0, 0, 0, 95, 0, 0, 4, 99
"/home/xbj/桌面/parallel-monitor/monitor_web/src/views/tools/aliPay/index.vue", "Vue.js", 0, 0, 0, 0, 0, 0, 44, 0, 2, 3, 49
"/home/xbj/桌面/parallel-monitor/monitor_web/src/views/tools/aliPay/toPay.vue", "Vue.js", 0, 0, 0, 0, 0, 0, 81, 0, 3, 3, 87
"/home/xbj/桌面/parallel-monitor/monitor_web/src/views/tools/email/config.vue", "Vue.js", 0, 0, 0, 0, 0, 0, 88, 0, 0, 4, 92
"/home/xbj/桌面/parallel-monitor/monitor_web/src/views/tools/email/index.vue", "Vue.js", 0, 0, 0, 0, 0, 0, 39, 0, 0, 3, 42
"/home/xbj/桌面/parallel-monitor/monitor_web/src/views/tools/email/send.vue", "Vue.js", 0, 0, 0, 0, 0, 0, 136, 0, 4, 3, 143
"/home/xbj/桌面/parallel-monitor/monitor_web/src/views/tools/storage/index.vue", "Vue.js", 0, 0, 0, 0, 0, 0, 34, 0, 0, 3, 37
"/home/xbj/桌面/parallel-monitor/monitor_web/src/views/tools/storage/local/index.vue", "Vue.js", 0, 0, 0, 0, 0, 0, 179, 0, 2, 4, 185
"/home/xbj/桌面/parallel-monitor/monitor_web/src/views/tools/storage/qiniu/form.vue", "Vue.js", 0, 0, 0, 0, 0, 0, 95, 0, 0, 4, 99
"/home/xbj/桌面/parallel-monitor/monitor_web/src/views/tools/storage/qiniu/index.vue", "Vue.js", 0, 0, 0, 0, 0, 0, 178, 0, 7, 5, 190
"/home/xbj/桌面/parallel-monitor/monitor_web/src/views/tools/swagger/index.vue", "Vue.js", 0, 0, 0, 0, 0, 0, 29, 0, 0, 1, 30
"/home/xbj/桌面/parallel-monitor/monitor_web/vue.config.js", "JavaScript", 135, 0, 0, 0, 0, 0, 0, 0, 19, 10, 164
"Total", "-", 5011, 10, 143, 41, 725, 14, 31776, 15, 2918, 1908, 42561